,ner,words
0,NA,[CLS]
1,NA,members
2,NA,will
3,NA,recall
4,NA,that
5,NA,","
6,NA,at
7,NA,its
8,NA,2nd
9,thing,pl
10,thing,##enary
11,NA,meeting
12,NA,","
13,NA,on
14,NA,20
15,NA,september
16,NA,2019
17,NA,","
18,NA,the
19,NA,assembly
20,NA,decided
21,NA,to
22,NA,include
23,NA,this
24,NA,item
25,NA,in
26,NA,the
27,NA,agenda
28,NA,of
29,NA,the
30,NA,seventy
31,NA,-
32,NA,fourth
33,NA,session
34,NA,.
35,NA,in
36,NA,connection
37,NA,with
38,NA,this
39,NA,item
40,NA,","
41,NA,i
42,NA,have
43,NA,received
44,NA,a
45,NA,letter
46,NA,dated
47,NA,27
48,NA,august
49,NA,2020
50,NA,from
51,NA,the
52,NA,deputy
53,NA,permanent
54,NA,representative
55,NA,of
56,NA,brazil
57,NA,to
58,NA,the
59,NA,united
60,NA,nations
61,NA,requesting
62,NA,that
63,NA,the
64,NA,item
65,NA,be
66,NA,included
67,NA,in
68,NA,the
69,NA,draft
70,NA,agenda
71,NA,of
72,NA,the
73,NA,seventy
74,NA,-
75,NA,fifth
76,NA,session
77,NA,of
78,NA,the
79,NA,assembly
80,NA,.
81,NA,i
82,NA,give
83,NA,the
84,NA,floor
85,NA,to
86,NA,the
87,NA,representative
88,NA,of
89,NA,armenia
90,NA,.
91,NA,members
92,NA,will
93,NA,recall
94,NA,that
95,NA,at
96,NA,its
97,NA,2nd
98,NA,pl
99,NA,##enary
100,NA,meeting
101,NA,","
102,NA,on
103,NA,20
104,NA,september
105,NA,2019
106,NA,","
107,NA,the
108,NA,assembly
109,NA,decided
110,NA,to
111,NA,include
112,NA,this
113,NA,item
114,NA,in
115,NA,the
116,NA,agenda
117,NA,of
118,NA,the
119,NA,seventy
120,NA,-
121,NA,fourth
122,NA,session
123,NA,.
124,NA,in
125,NA,connection
126,NA,with
127,NA,the
128,NA,item
129,NA,","
130,NA,a
131,NA,letter
132,NA,dated
133,NA,31
134,NA,august
135,NA,2020
136,NA,from
137,NA,the
138,NA,permanent
139,NA,representative
140,NA,of
141,NA,the
142,NA,russian
143,thing,federation
144,NA,to
145,NA,the
146,NA,united
147,NA,nations
148,NA,addressed
149,NA,to
150,NA,the
151,NA,president
152,NA,of
153,NA,the
154,NA,assembly
155,NA,has
156,NA,been
157,NA,issued
158,NA,as
159,NA,document
160,NA,a
161,NA,/
162,NA,74
163,NA,/
164,NA,100
165,NA,##2
166,NA,","
167,NA,in
168,NA,which
169,NA,it
170,NA,is
171,NA,requested
172,NA,that
173,NA,the
174,NA,item
175,NA,be
176,NA,included
177,NA,in
178,NA,the
179,NA,agenda
180,NA,of
181,NA,the
182,NA,seventy
183,NA,-
184,NA,fifth
185,NA,session
186,NA,of
187,NA,the
188,NA,assembly
189,NA,.
190,NA,members
191,NA,will
192,NA,recall
193,NA,that
194,NA,at
195,NA,its
196,NA,2nd
197,NA,pl
198,NA,##enary
199,NA,meeting
200,NA,","
201,NA,on
202,NA,20
203,NA,september
204,NA,2019
205,NA,","
206,NA,the
207,NA,assembly
208,NA,decided
209,NA,to
210,NA,include
211,NA,this
212,NA,item
213,NA,in
214,NA,the
215,NA,agenda
216,NA,of
217,NA,the
218,NA,seventy
219,NA,-
220,NA,fourth
221,NA,session
222,NA,.
223,NA,my
224,NA,delegation
225,NA,would
226,NA,like
227,NA,to
228,NA,di
229,NA,##sas
230,NA,##so
231,NA,##cia
232,NA,##te
233,NA,itself
234,NA,from
235,NA,the
236,NA,decision
237,NA,to
238,NA,include
239,NA,agenda
240,NA,item
241,NA,37
242,NA,on
243,NA,the
244,NA,draft
245,NA,agenda
246,NA,of
247,NA,the
248,NA,seventy
249,NA,-
250,NA,fifth
251,NA,session
252,NA,of
253,NA,the
254,NA,general
255,NA,assembly
256,NA,.
257,NA,the
258,NA,assembly
259,NA,has
260,NA,before
261,NA,it
262,NA,five
263,NA,draft
264,NA,resolutions
265,NA,recommended
266,NA,by
267,NA,the
268,NA,third
269,NA,committee
270,NA,in
271,NA,paragraph
272,NA,47
273,NA,of
274,NA,its
275,NA,report
276,NA,.
277,NA,before
278,NA,proceeding
279,NA,further
280,NA,","
281,NA,i
282,NA,should
283,NA,like
284,NA,to
285,NA,inform
286,NA,members
287,NA,that
288,NA,action
289,NA,on
290,NA,draft
291,NA,resolution
292,NA,iv
293,NA,","
294,NA,entitled
295,NA,situation
296,NA,of
297,NA,human
298,NA,rights
299,NA,of
300,thing,ro
301,thing,##hing
302,thing,##ya
303,thing,muslims
304,NA,and
305,NA,other
306,NA,minorities
307,NA,in
308,NA,myanmar
309,NA,is
310,NA,postponed
311,NA,to
312,NA,a
313,NA,later
314,NA,date
315,NA,to
316,NA,allow
317,NA,time
318,NA,for
319,NA,the
320,NA,review
321,NA,of
322,NA,its
323,thing,programme
324,thing,budget
325,NA,implications
326,NA,by
327,NA,the
328,NA,fifth
329,NA,committee
330,NA,.
331,NA,the
332,NA,assembly
333,NA,will
334,NA,take
335,NA,action
336,NA,on
337,NA,draft
338,NA,resolution
339,NA,iv
340,NA,as
341,NA,soon
342,NA,as
343,NA,the
344,NA,report
345,NA,of
346,NA,the
347,NA,fifth
348,NA,committee
349,NA,on
350,NA,the
351,thing,programme
352,thing,budget
353,NA,implications
354,NA,is
355,NA,available
356,NA,.
357,NA,i
358,NA,now
359,NA,give
360,NA,the
361,NA,floor
362,NA,to
363,NA,delegation
364,NA,##s
365,NA,wishing
366,NA,to
367,NA,deliver
368,NA,explanations
369,NA,of
370,NA,vote
371,NA,or
372,NA,position
373,NA,before
374,NA,voting
375,NA,or
376,NA,adoption
377,NA,.
378,NA,[SEP]
